id,first,second,third,fourth
2,1287.031,0,0,0
7,909.3711,0,0,0
14,887.0123,0,0,0
15,636.6345,91.00117,0,0
16,46.51335,376.9262,1295.108,0
17,672.9739,0,0,0
18,1050.735,0,0,0
19,230.5232,0,0,0
20,1167.66,0,0,0
21,805.8544,0,0,0
24,1106.378,0,0,0
32,237.7442,0,0,0
33,387.8761,79.20566,0,0
34,586.554,552.049,0,0
35,1042.328,0,0,0